{
  "27 rue du Colonel Pierre Avia, Paris, 75508, France": [
    2.276162,
    48.830056
  ],
  "78934 Hillside Dr., Pasadena, CA, 90003, USA": [
    -118.1445,
    34.1476
  ],
  "7734 Strong St., San Francisco, CA, USA": [
    -122.4081,
    37.6549
  ],
  "897 Long Airport Avenue, NYC, NY, 10022, USA": [
    -73.97,
    40.76
  ],
  "59 rue de l'Abbaye, Reims, 51100, France": [
    4.02861,
    49.26528
  ],
  "9408 Furth Circle, Burlingame, CA, 94217, USA": [
    -122.3661,
    37.5841
  ],
  "184, chausse de Tournai, Lille, 59000, France": [
    3.1609706,
    50.5675645
  ],
  "Drammen 121, PR 744 Sentrum, Bergen, N 5804, Norway": [
    5.32333,
    60.3925
  ],
  "5557 North Pendale Street, San Francisco, CA, USA": [
    -122.463,
    37.7648
  ],
  "25, rue Lauriston, Paris, 75016, France": [
    2.29,
    48.86
  ],
  "Level 3, 636 St Kilda Road, Melbourne, Victoria, 3004, Australia": [
    144.982,
    -37.864
  ],
  "Suite 101, 2678 Kingston Rd., NYC, NY, 10022, USA": [
    -77.889658,
    42.783995
  ],
  "7476 Moss Rd., Newark, NJ, 94019, USA": [
    -74.1724,
    40.7357
  ],
  "25593 South Bay Ln., Bridgewater, CT, 97562, USA": [
    -73.3662,
    41.5351
  ],
  "67, rue des Cinquante Otages, Nantes, 44000, France": [
    -1.5567093,
    47.2166662
  ],
  "39323 Spinnaker Dr., Cambridge, MA, 51247, USA": [
    -71.1056,
    42.3751
  ],
  "Keskuskatu 45, Helsinki, 21240, Finland": [
    24.9428515,
    60.1689255
  ],
  "Erling Skakkes gate 78, Stavern, 4110, Norway": [
    10.379348,
    63.429634
  ],
  "7586 Pompton St., Allentown, PA, 70267, USA": [
    -80.0350879,
    40.4135379
  ],
  "Geislweg 14, Salzburg, 5020, Austria": [
    13.033071,
    47.805278
  ],
  "Level 6, Monitor Money Building, 815 Pacific Hwy, Chatswood, NSW, 2067, Australia": [
    151.178464,
    -33.795839
  ],
  "1785 First Street, New Bedford, MA, 50553, USA": [
    -70.9283095,
    41.6263707
  ],
  "Berkeley Gardens 12  Brewery, Liverpool, WX1 6LT, UK": [
    -3.0,
    53.41667
  ],
  "C/ Moralzarzal, 86, Madrid, 28034, Spain": [
    -3.7144948,
    40.4938993
  ],
  "Berguvsv„gen  8, Lule, S-958 22, Sweden": [
    17.6754094331351,
    64.9648751621697
  ],
  "C/ Araquil, 67, Madrid, 28023, Spain": [
    -3.782112,
    40.46043
  ],
  "Bronz Sok., Bronz Apt. 3/6 Tesvikiye, Singapore, 79903, Singapore": [
    103.8862019,
    1.3118939
  ],
  "Suite 750, 5905 Pompton St., NYC, NY, 10022, USA": [
    -73.97,
    40.76
  ],
  "31 Duncan St. West End, South Brisbane, Queensland, 4101, Australia": [
    153.033397,
    -27.458828
  ],
  "782 First Street, Philadelphia, PA, 71270, USA": [
    -75.798362,
    40.263913
  ],
  "2, rue du Commerce, Lyon, 69004, France": [
    4.9210941,
    45.7712286
  ],
  "1900 Oak St., Vancouver, BC, V3F 2K1, Canada": [
    -123.1285657,
    49.2332503
  ],
  "3675 Furth Circle, Burbank, CA, 94019, USA": [
    -118.3259,
    34.1816
  ],
  "4658 Baden Av., Cambridge, MA, 51247, USA": [
    -71.1056,
    42.3751
  ],
  "567 North Pendale Street, New Haven, CT, 97823, USA": [
    -72.9251,
    41.3082
  ],
  "2-2-8 Roppongi, Minato-ku, Tokyo, 106-0032, Japan": [
    139.73054762499999,
    35.661474687500004
  ],
  "Via Monte Bianco 34, Torino, 10100, Italy": [
    7.75473,
    45.09332
  ],
  "?kergatan 24, Boras, S-844 67, Sweden": [
    12.93333,
    57.71667
  ],
  "67, avenue de l'Europe, Versailles, 78000, France": [
    2.130873,
    48.803972
  ],
  "5677 Strong St., San Rafael, CA, 97562, USA": [
    -122.6,
    37.96
  ],
  "2304 Long Airport Avenue, Nashua, NH, 62005, USA": [
    -71.4676,
    42.7654
  ],
  "7825 Douglas Av., Brickhaven, MA, 58339, USA": [
    -71.7395,
    42.0543
  ],
  "Level 15, 201 Miller Street, North Sydney, NSW, 2060, Australia": [
    151.20775,
    -33.836385
  ],
  "43 rue St. Laurent, Montreal, Quebec, H1J 1C3, Canada": [
    -73.572976,
    45.61135
  ],
  "Dojima Avanza 4F, 1-6-20 Dojima, Kita-ku, Osaka, Osaka, 530-0003, Japan": [
    135.4964195,
    34.69695
  ],
  "11328 Douglas Av., Philadelphia, PA, 71270, USA": [
    -75.1327,
    40.0115
  ],
  "54, rue Royale, Nantes, 44000, France": [
    2.909413,
    50.617899
  ],
  "3758 North Pendale Street, White Plains, NY, 24067, USA": [
    -73.7629,
    41.034
  ],
  "Vinb'ltet 34, Kobenhavn, 1734, Denmark": [
    12.54569,
    55.665268
  ],
  "35 King George, London, WX3 6FW, UK": [
    -0.291027,
    51.453959
  ],
  "4575 Hillside Dr., New Bedford, MA, 50553, USA": [
    -70.9342,
    41.6362
  ],
  "1 rue Alsace-Lorraine, Toulouse, 31000, France": [
    1.445566,
    43.599674
  ],
  "120 Hanover Sq., London, WA1 1DP, UK": [
    -0.183685,
    51.418549
  ],
  "Rambla de Catalu¤a, 23, Barcelona, 8022, Spain": [
    2.17694,
    41.3825
  ],
  "6047 Douglas Av., Los Angeles, CA, USA": [
    -118.2439,
    34.0544
  ],
  "361 Furth Circle, San Diego, CA, 91217, USA": [
    -117.1628,
    32.7174
  ],
  "Rue Joseph-Bens 532, Bruxelles, B-1180, Belgium": [
    4.3326446,
    50.807028
  ],
  "23 Tsawassen Blvd., Tsawassen, BC, T2F 8M4, Canada": [
    -123.0973204,
    49.0377467
  ],
  "8616 Spinnaker Dr., Boston, MA, 51003, USA": [
    -71.0596,
    42.3605
  ],
  "Garden House Crowther Way, Cowes, Isle of Wight, PO31 7PJ, UK": [
    -1.3002,
    50.7595
  ],
  "Torikatu 38, Oulu, 90110, Finland": [
    25.465948,
    65.010746
  ],
  "3086 Ingle Ln., San Jose, CA, 94217, USA": [
    -121.9472,
    37.4191
  ],
  "265, boulevard Charonne, Paris, 75012, France": [
    2.390123,
    48.858365
  ],
  "Kirchgasse 6, Graz, 8010, Austria": [
    15.4372015,
    47.074545
  ],
  "6251 Ingle Ln., Boston, MA, 51003, USA": [
    -71.0596,
    42.3605
  ],
  "2nd Floor, Village Close - 106 Linden Road Sandown, Singapore, 69045, Singapore": [
    103.808053,
    1.351616
  ],
  "15 McCallum Street - NatWest Center #13-03, Makati City, 1227 MM, Philippines": [
    121.03333,
    14.55
  ],
  "12, rue des Bouchers, Marseille, 13008, France": [
    7.570779,
    48.757621
  ],
  "Mehrheimerstr. 369, Koln, 50739, Germany": [
    6.946156,
    50.973437
  ],
  "Grenzacherweg 237, Gensve, 1203, Switzerland": [
    7.645134,
    47.569272
  ],
  "Strada Provinciale 124, Reggio Emilia, 42100, Italy": [
    10.63333,
    44.7
  ],
  "7635 Spinnaker Dr., Brickhaven, MA, 58339, USA": [
    -70.4648281,
    41.6118281
  ],
  "Lyonerstr. 34, Frankfurt, 60528, Germany": [
    8.623841,
    50.079205
  ],
  "Software Engineering Center, SEC Oy, Espoo, FIN-02271, Finland": [
    22.75,
    60.5
  ],
  "Suite 400, 4092 Furth Circle, NYC, NY, 10022, USA": [
    -73.964438,
    40.802432
  ],
  "Floor No. 4, 25 Maiden Lane, Dublin, 2, Ireland": [
    -6.26583,
    53.3425
  ],
  "Merchants House, 27-30 Merchant's Quay, Madrid, 28023, Spain": [
    -3.69194,
    40.41889
  ],
  "Fauntleroy Circus, Manchester, EC2 5NT, UK": [
    -2.234472,
    53.47978
  ],
  "Smagsloget 45, Aaarhus, 8200, Denmark": [
    10.197795,
    56.15257
  ],
  "Suite 200, 5290 North Pendale Street, NYC, NY, 10022, USA": [
    -73.923975,
    40.619131
  ],
  "4097 Douglas Av., Glendale, CA, 92561, USA": [
    -118.2484,
    34.1423
  ],
  "C/ Romero, 33, Sevilla, 41101, Spain": [
    -5.926339,
    37.6032452
  ],
  "2793 Furth Circle, Brisbane, CA, 94217, USA": [
    -122.4,
    37.6808
  ],
  "24, place Kluber, Strasbourg, 67000, France": [
    7.744756,
    48.583422
  ],
  "8489 Strong St., Las Vegas, NV, 83030, USA": [
    -115.09,
    36.16
  ],
  "Drammensveien 126 A, PB 744 Sentrum, Oslo, N 0106, Norway": [
    10.814466,
    59.855058
  ],
  "Via Ludovico il Moro 22, Bergamo, 24100, Italy": [
    10.41422,
    45.25915
  ],
  "7 Allen Street, Glen Waverly, Victoria, 3150, Australia": [
    145.161902,
    -37.887649
  ],
  "2440 Pompton St., Glendale, CT, 97561, USA": [
    -118.2251,
    34.0753
  ],
  "Hansastr. 15, Munich, 80686, Germany": [
    11.526157,
    48.134781
  ],
  "Boulevard Tirou, 255, Charleroi, B-6000, Belgium": [
    4.447927,
    50.405303
  ],